Country Name,Series Name,1997,1998,1999,2000,2001,2002,2003,2004,2005,2006,2007,2008,2009,2010,2011,2012,2013,2014,2015,2016,2017,2018,2019,2020,2021
Afghanistan,Electricity production from hydroelectric sources (% of total),,,,,,,,,,,,,,,,,,,,,,,,,
Albania,Electricity production from hydroelectric sources (% of total),96.17444529,96.32021922,97.32915822,96.14901632,95.30831099,93.95398609,97.85657051,97.5026757,98.71394452,98.31643736,97.48251748,100,99.98077662,99.98678647,98.59222143,100,100,100,100,,,,,,
Algeria,Electricity production from hydroelectric sources (% of total),0.348885891,0.924254148,0.819970109,0.212498032,0.25915493,0.206163194,0.896148253,0.8032,1.636444051,0.618861069,0.607592214,0.703350234,0.794784551,0.380460926,0.980009371,1.083680332,0.551010185,0.395379969,0.210761941,,,,,,
American Samoa,Electricity production from hydroelectric sources (% of total),,,,,,,,,,,,,,,,,,,,,,,,,
Andorra,Electricity production from hydroelectric sources (% of total),,,,,,,,,,,,,,,,,,,,,,,,,
Angola,Electricity production from hydroelectric sources (% of total),76.35253054,80.42488619,66.96629213,63.11418685,62.08791209,64.7592068,62.20551378,78.40501792,79.64824121,80.61101028,77.6188996,75.40904716,65.34318902,67.95742338,70.90780393,60.7994842,58.02093476,53.17510549,53.17492831,,,,,,
Antigua and Barbuda,Electricity production from hydroelectric sources (% of total),,,,,,,,,,,,,,,,,,,,,,,,,
Argentina,Electricity production from hydroelectric sources (% of total),38.749343,35.717181,26.58481116,32.36306377,41.08417023,42.44964655,36.74128002,30.38985674,32.23402944,35.51076552,28.27072569,25.01315746,27.7774588,26.81318506,30.64258423,27.23204082,29.36913099,29.60793966,26.24157509,,,,,,
Armenia,Electricity production from hydroelectric sources (% of total),23.05523304,24.82636085,20.99002974,21.16482041,16.84943429,30.04167422,36.02981276,33.13432836,28.06712047,30.71873422,31.41742964,31.14384749,35.60218656,39.37759975,33.49932705,28.89497262,28.18417639,25.70322581,28.28567765,,,,,,
Aruba,Electricity production from hydroelectric sources (% of total),,,,,,,,,,,,,,,,,,,,,,,,,
Australia,Electricity production from hydroelectric sources (% of total),9.042765842,7.887949379,7.957196246,7.795524721,7.385459167,6.982645639,7.377621427,7.0591947,6.704270255,6.843211144,5.901333037,4.899351224,4.757048711,5.344130837,6.599266661,5.585644424,7.279435624,7.405826056,5.296183545,,,,,,
Austria,Electricity production from hydroelectric sources (% of total),64.83792763,66.4693257,67.92676414,69.87340081,66.24690913,66.26527856,57.17162676,59.3433202,57.52322173,57.24560897,58.79254264,59.39964977,61.66837566,56.47098655,54.98940134,63.75345656,65.13245546,66.55738769,59.99708563,,,,,,
Azerbaijan,Electricity production from hydroelectric sources (% of total),10.16868615,10.84009334,8.285651408,8.203647254,6.858197153,10.80156141,11.59917317,12.67016188,13.15582371,10.25954447,10.82070765,10.31280322,12.23235107,18.41795831,13.1861634,7.921524274,6.375781451,5.257198318,6.630751782,,,,,,
"Bahamas, The",Electricity production from hydroelectric sources (% of total),,,,,,,,,,,,,,,,,,,,,,,,,
Bahrain,Electricity production from hydroelectric sources (% of total),0,0,0,0,0,0,0,0,0,0,0,0,0,0,0,0,0,0,0,,,,,,
Bangladesh,Electricity production from hydroelectric sources (% of total),6.063417102,6.714795839,5.764705882,4.749223258,5.709521619,4.012858291,3.799715909,3.034477171,2.832079253,2.536317768,2.415739397,2.776316559,1.121661242,1.787202746,1.974950739,1.600016474,1.682981928,1.052914316,0.959143211,,,,,,
Barbados,Electricity production from hydroelectric sources (% of total),,,,,,,,,,,,,,,,,,,,,,,,,
Belarus,Electricity production from hydroelectric sources (% of total),0.080592547,0.119189511,0.07165485,0.103444312,0.11969836,0.109615966,0.10515642,0.105735341,0.116275314,0.110024834,0.109962613,0.111275964,0.144851198,0.128958303,0.130434783,0.227280106,0.437997905,0.348351807,0.313948712,,,,,,
Belgium,Electricity production from hydroelectric sources (% of total),0.391723713,0.473956747,0.409039656,0.555736774,0.560940243,0.444779402,0.295592441,0.375801691,0.336020721,0.425617679,0.444429211,0.490530371,0.365231722,0.332505622,0.220190082,0.437387437,0.462489655,0.408380185,0.457238166,,,,,,
Belize,Electricity production from hydroelectric sources (% of total),,,,,,,,,,,,,,,,,,,,,,,,,
Benin,Electricity production from hydroelectric sources (% of total),3.389830508,2.53164557,2.777777778,2.380952381,3.03030303,3.174603175,2.5,1.234567901,0.934579439,0,0,0,0,0,0,0,0,0,4.093567251,,,,,,
Bermuda,Electricity production from hydroelectric sources (% of total),,,,,,,,,,,,,,,,,,,,,,,,,
Bhutan,Electricity production from hydroelectric sources (% of total),,,,,,,,,,,,,,,,,,,,,,,,,
Bolivia,Electricity production from hydroelectric sources (% of total),45.07488479,41.94070081,46.01906725,50.12886598,53.49246231,52.65296367,45.86795937,47.5127128,40.11437908,40.73584906,40.44297175,39.71119134,37.51021075,32.19713738,32.50692521,30.70095288,31.43211407,25.71102227,28.88133208,,,,,,
Bosnia and Herzegovina,Electricity production from hydroelectric sources (% of total),53.10895608,50.20381183,54.48099271,48.84456803,48.70276368,48.84561892,39.95206817,46.97517285,47.59561974,44.00781426,33.95281738,32.83410915,39.82001532,46.86989021,28.71073298,29.93182787,41.46467251,36.72648515,35.51730757,,,,,,
Botswana,Electricity production from hydroelectric sources (% of total),0,0,0,0,0,0,0,0,0,0,0,0,0,0,0,0,0,0,0,,,,,,
Brazil,Electricity production from hydroelectric sources (% of total),90.58061835,90.58921889,87.53689695,87.24398842,81.54321965,82.76424693,83.88231839,82.79636498,83.72937204,83.18011528,84.0205595,79.80616196,83.88122397,78.19542603,80.55051461,75.15815455,68.46344573,63.22498396,61.8484936,,,,,,
British Virgin Islands,Electricity production from hydroelectric sources (% of total),,,,,,,,,,,,,,,,,,,,,,,,,
Brunei Darussalam,Electricity production from hydroelectric sources (% of total),0,0,0,0,0,0,0,0,0,0,0,0,0,0,0,0,0,0,0,,,,,,
Bulgaria,Electricity production from hydroelectric sources (% of total),6.461603435,7.465708845,7.241116284,6.57629287,3.989984839,5.202874149,7.156019656,7.647371216,9.863094697,9.313876313,6.693527727,6.334110892,8.18763125,10.98941695,5.831317594,6.92586788,9.473170958,9.813113986,11.61421361,,,,,,
Burkina Faso,Electricity production from hydroelectric sources (% of total),,,,,,,,,,,,,,,,,,,,,,,,,
Burundi,Electricity production from hydroelectric sources (% of total),,,,,,,,,,,,,,,,,,,,,,,,,
Cabo Verde,Electricity production from hydroelectric sources (% of total),,,,,,,,,,,,,,,,,,,,,,,,,
Cambodia,Electricity production from hydroelectric sources (% of total),0,0,0,0,0,3.983516484,5.373525557,3.435582822,4.564315353,4.325699746,3.351206434,3.10391363,3.712480253,3.2,4.905660377,36.05299861,57.14285714,60.48334422,45.48555834,,,,,,
Cameroon,Electricity production from hydroelectric sources (% of total),98.84910486,98.35858586,98.75592417,98.90804598,98.10787913,96.42424242,95.76547231,95.37712895,94.20579421,76.22405014,73.37402251,74.49392713,69.44492478,72.21562977,74.26110454,74.01058201,74.10163339,74.15474642,74.99260136,,,,,,
Canada,Electricity production from hydroelectric sources (% of total),61.13981869,59.0920664,59.72294432,59.19936723,56.51581946,58.31312234,57.2385004,56.81861752,58.3248996,57.74160186,58.47559142,59.73576676,60.46978159,58.18440158,59.04023435,59.72330209,58.88807883,57.25461666,56.74419298,,,,,,
Cayman Islands,Electricity production from hydroelectric sources (% of total),,,,,,,,,,,,,,,,,,,,,,,,,
Central African Republic,Electricity production from hydroelectric sources (% of total),,,,,,,,,,,,,,,,,,,,,,,,,
Chad,Electricity production from hydroelectric sources (% of total),,,,,,,,,,,,,,,,,,,,,,,,,
Channel Islands,Electricity production from hydroelectric sources (% of total),,,,,,,,,,,,,,,,,,,,,,,,,
Chile,Electricity production from hydroelectric sources (% of total),56.90002102,44.90129263,35.39984371,46.19991018,49.38280313,50.98349019,46.283286,42.92102796,50.45918756,52.65545915,39.53237963,40.52157309,41.65870689,35.93506966,31.97084291,28.89994409,27.01293369,32.27650001,31.6778755,,,,,,
China,Electricity production from hydroelectric sources (% of total),17.25372572,17.81584582,16.43701605,16.40538216,18.73339325,17.40903562,14.84653972,16.04464167,15.87772039,15.2056174,14.78656465,16.87787066,16.5714641,16.94897365,14.62413023,17.30873395,16.73134903,18.55249398,19.06981297,,,,,,
Colombia,Electricity production from hydroelectric sources (% of total),70.56159623,68.56137381,78.79361076,74.37449275,73.19644584,75.41405799,77.72501665,80.6070114,79.07304766,79.49781456,80.48131247,82.95434231,71.8297783,67.98768174,80.12130153,76.32904488,70.96662731,70.90613456,64.95935784,,,,,,
Comoros,Electricity production from hydroelectric sources (% of total),,,,,,,,,,,,,,,,,,,,,,,,,
"Congo, Dem. Rep.",Electricity production from hydroelectric sources (% of total),99.62324013,99.59813875,99.54768187,99.94984955,99.91613552,99.86885246,99.88612331,99.88676575,99.90507187,99.39016307,98.89621923,98.7150616,98.90501655,98.91208096,98.88593493,99.65843405,99.67304432,99.77375566,99.70923731,,,,,,
"Congo, Rep.",Electricity production from hydroelectric sources (% of total),99.5584989,99.41860465,85.58558559,99.66216216,100,100,85.71428571,83.12342569,81.98614319,82.1192053,82.30958231,81.34490239,61.2244898,54.71938776,61.17556071,58.05882353,56.81685196,54.71264368,53.34486736,,,,,,
Costa Rica,Electricity production from hydroelectric sources (% of total),85.68882552,79.19822649,83.13370023,82.1505998,80.91919941,79.33554817,80.79967798,81.10772976,79.49152542,75.89973554,74.79558011,77.96073464,77.59398496,75.78002713,72.56916192,71.09298211,66.93698095,65.74336889,74.61154273,,,,,,
Cote d'Ivoire,Electricity production from hydroelectric sources (% of total),46.61374349,34.23669816,36.412705,36.75,36.84749232,32.65961466,36.01336741,31.72413793,25.29484246,26.7020336,31.91262653,32.72413793,36.29705331,27.12489522,29.08673553,25.49885975,20.99346405,23.08713493,15.52060613,,,,,,
Croatia,Electricity production from hydroelectric sources (% of total),57.1749536,52.57551947,56.46143176,57.29379384,56.22895623,46.05273514,41.37355973,54.88234871,53.88680401,51.20328097,37.46512555,45.23120257,55.41510845,61.67883212,44.76165066,45.66222977,61.81974618,67.03632033,56.86954974,,,,,,
Cuba,Electricity production from hydroelectric sources (% of total),0.9189877,0.685609273,0.710736958,0.59207025,0.490228119,0.675202242,0.809614168,0.562875784,0.443227741,0.570769324,0.686563777,0.780587137,0.851471749,0.557567397,0.557432432,0.602344259,0.66353187,0.53702365,0.23659306,,,,,,
Curacao,Electricity production from hydroelectric sources (% of total),,,,,,,,,,,,,,,,,,,,,,,,,
Cyprus,Electricity production from hydroelectric sources (% of total),0,0,0,0,0,0,0,0,0,0,0,0,0,0,0,0,0,0,0,,,,,,
Czechia,Electricity production from hydroelectric sources (% of total),2.645716866,2.160188165,2.620053305,2.41115881,2.766926206,3.279163103,1.669967156,2.409595417,2.904883377,3.048270256,2.380247026,2.429917762,2.975548804,3.269176669,2.262146216,2.455962255,3.178774068,2.243348689,2.172702624,,,,,,
Denmark,Electricity production from hydroelectric sources (% of total),0.042874873,0.065672658,0.079650565,0.083210829,0.07421347,0.08145188,0.045468324,0.066772183,0.063455278,0.050426432,0.071217825,0.07100721,0.052222192,0.054037363,0.048255698,0.055372789,0.037417609,0.04660701,0.06218261,,,,,,
Djibouti,Electricity production from hydroelectric sources (% of total),,,,,,,,,,,,,,,,,,,,,,,,,
Dominica,Electricity production from hydroelectric sources (% of total),,,,,,,,,,,,,,,,,,,,,,,,,
Dominican Republic,Electricity production from hydroelectric sources (% of total),9.19016031,10.96411916,14.01770486,8.903639277,7.209247833,8.699384747,11.93438521,16.30112137,17.62868194,15.23000414,13.9841513,11.46192624,12.89040318,11.74285146,11.74207162,12.94876264,12.72499864,8.968406749,6.366148345,,,,,,
Ecuador,Electricity production from hydroelectric sources (% of total),63.05732484,59.74288338,69.62553357,71.70184697,63.99095023,63.29912517,62.19469946,57.57340376,54.30374753,50.65719361,55.19789885,60.0201945,49.66341752,44.26674868,54.19100467,53.56501948,47.45711706,47.13868433,50.70073558,,,,,,
"Egypt, Arab Rep.",Electricity production from hydroelectric sources (% of total),20.51584857,19.41047549,21.40156216,17.52812152,18.16719099,14.4175356,13.67786264,12.48186063,11.63308492,11.19949396,12.39520815,11.20421245,9.253956835,8.887163138,8.216967587,7.970090143,7.945254389,7.90393138,7.381152563,,,,,,
El Salvador,Electricity production from hydroelectric sources (% of total),39.84941439,41.48344371,47.96416938,34.79419603,29.61078606,27.45239817,33.13743219,30.83074189,34.60501762,34.69496021,29.92600241,34.14879357,25.98411602,34.82620321,33.05934572,29.61359628,28.53954082,27.60726338,22.5914176,,,,,,
Equatorial Guinea,Electricity production from hydroelectric sources (% of total),,,,,,,,,,,,,,,,,,,,,,,,,
Eritrea,Electricity production from hydroelectric sources (% of total),0,0,0,0,0,0,0,0,0,0,0,0,0,0,0,0,0,0,0,,,,,,
Estonia,Electricity production from hydroelectric sources (% of total),0.032545021,0.046942847,0.048379294,0.058733701,0.082517977,0.070364724,0.127965351,0.213509317,0.215580598,0.143855323,0.172272354,0.264625272,0.364506208,0.208269053,0.232684402,0.350965154,0.195856874,0.216937169,0.259191706,,,,,,
Eswatini,Electricity production from hydroelectric sources (% of total),,,,,,,,,,,,,,,,,,,,,,,,,
Ethiopia,Electricity production from hydroelectric sources (% of total),97.0260223,95.52329099,97.62773723,98.32735962,99.00596421,98.97260274,99.30313589,99.29105947,99.57820738,99.69409605,95.43276008,87.26502515,88.27655311,99.01606426,98.83207071,97.31296101,95.81705355,94.72411981,92.68947015,,,,,,
Faroe Islands,Electricity production from hydroelectric sources (% of total),,,,,,,,,,,,,,,,,,,,,,,,,
Fiji,Electricity production from hydroelectric sources (% of total),,,,,,,,,,,,,,,,,,,,,,,,,
Finland,Electricity production from hydroelectric sources (% of total),17.69688909,21.45025439,18.3998733,20.95004001,17.72816368,14.37662598,11.37371629,17.55489545,19.5290584,13.96394207,17.44968921,22.09939043,17.60257531,16.01755212,16.93174243,23.94370198,18.01647557,19.6742738,24.44567547,,,,,,
France,Electricity production from hydroelectric sources (% of total),12.72798044,12.24071789,13.91190572,12.40003438,13.61982519,10.90927154,10.49752094,10.47194528,9.012447261,9.887747791,10.21796432,11.19088892,10.74071492,11.11371027,8.050505504,10.48464427,12.46870305,11.26193545,9.661149897,,,,,,
French Polynesia,Electricity production from hydroelectric sources (% of total),,,,,,,,,,,,,,,,,,,,,,,,,
Gabon,Electricity production from hydroelectric sources (% of total),64.41082803,60.46165302,62.5753012,61.06463878,62.40227434,62.28070175,58.67014342,57.98701299,51.58831004,56.75675676,46.19377163,49.06695939,51.52838428,46.87338501,41.15629593,41.95933457,44.46564885,39.73973974,43.17968015,,,,,,
"Gambia, The",Electricity production from hydroelectric sources (% of total),,,,,,,,,,,,,,,,,,,,,,,,,
Georgia,Electricity production from hydroelectric sources (% of total),84.41993578,83.06609308,83.84745542,78.93318966,79.89044255,93.24789858,91.1452514,87.36279607,85.8125774,72.93810896,81.82909265,84.72731575,86.6090208,92.52271829,77.39846969,74.50232078,82.22487325,80.36833478,78.03932429,,,,,,
Germany,Electricity production from hydroelectric sources (% of total),3.16727219,3.116723241,3.555728493,3.797222848,3.906778991,3.973509934,2.9358701,3.288469248,3.18902241,3.162160283,3.340734744,3.222516473,3.225779113,3.344010291,2.910109547,3.487954492,3.633491062,3.149349292,2.960682843,,,,,,
Ghana,Electricity production from hydroelectric sources (% of total),99.49172234,77.53036437,83.58667529,91.49937699,84.09466853,69.24240341,66.06596396,87.44825302,82.92575133,66.65480427,53.4107194,74.42335416,76.76936816,68.81085866,67.50892857,67.12408516,63.96550385,64.69952943,50.86589505,,,,,,
Gibraltar,Electricity production from hydroelectric sources (% of total),0,0,0,0,0,0,0,0,0,0,0,0,0,0,0,0,0,0,0,,,,,,
Greece,Electricity production from hydroelectric sources (% of total),8.967014691,8.048938935,9.296487499,6.912494151,3.950938277,5.190471777,8.230722736,7.943821944,8.442290541,9.745924658,4.131651544,5.264496439,8.796281141,13.00399184,6.778543906,7.245232101,11.11111111,8.891007687,11.76720312,,,,,,
Greenland,Electricity production from hydroelectric sources (% of total),,,,,,,,,,,,,,,,,,,,,,,,,
Grenada,Electricity production from hydroelectric sources (% of total),,,,,,,,,,,,,,,,,,,,,,,,,
Guam,Electricity production from hydroelectric sources (% of total),,,,,,,,,,,,,,,,,,,,,,,,,
Guatemala,Electricity production from hydroelectric sources (% of total),53.09709018,48.78815081,45.53347482,41.69973545,37.56189175,31.49733484,37.8592666,33.35066961,36.51385265,40.44819985,34.61626313,42.1541638,32.51906709,43.28123243,45.48524126,47.36506587,46.91532258,45.18173346,35.04250317,,,,,,
Guinea,Electricity production from hydroelectric sources (% of total),,,,,,,,,,,,,,,,,,,,,,,,,
Guinea-Bissau,Electricity production from hydroelectric sources (% of total),,,,,,,,,,,,,,,,,,,,,,,,,
Guyana,Electricity production from hydroelectric sources (% of total),,,,,,,,,,,,,,,,,,,,,,,,,
Haiti,Electricity production from hydroelectric sources (% of total),33.05785124,46.15384615,58.02292264,51.73674589,47.64309764,47.53199269,47.6635514,47.53199269,47.6618705,47.54385965,32.90598291,37.24279835,28.71012483,30.15332198,12.83138918,20.09090909,13.36492891,8.712487899,7.996146435,,,,,,
Honduras,Electricity production from hydroelectric sources (% of total),66.48596939,56.31039531,62.11812627,61.88389923,49.02162719,39.23526547,38.38183422,28.87469085,30.66214528,34.55759599,34.94869771,34.98244007,42.21886792,45.44783828,36.78296093,36.00775194,33.92370572,32.37123663,26.10150586,,,,,,
"Hong Kong SAR, China",Electricity production from hydroelectric sources (% of total),0,0,0,0,0,0,0,0,0,0,0,0,0,0,0,0,0,0,0,,,,,,
Hungary,Electricity production from hydroelectric sources (% of total),0.610221205,0.416778704,0.478430958,0.505811145,0.510778525,0.536548939,0.500805389,0.608164234,0.56494015,0.518698235,0.525525526,0.532167395,0.634955999,0.503063873,0.616341375,0.614984842,0.703109527,1.024088187,0.771208226,,,,,,
Iceland,Electricity production from hydroelectric sources (% of total),93.21518081,89.49211909,84.12632165,82.71733472,81.88721524,82.90161597,83.38823529,82.73222776,80.8081971,73.44410876,70.0843283,75.46608368,72.94166568,73.81440882,72.66864215,70.30030201,71.00353279,71.03128621,73.3070908,,,,,,
India,Electricity production from hydroelectric sources (% of total),15.79531944,16.47698962,14.81448229,13.07066324,12.52985951,11.20700669,12.41509011,13.23292266,15.07847346,15.55627927,15.52570963,13.76817488,12.33356081,12.56565137,13.36223263,11.08936476,12.3886605,11.08015726,9.982039098,,,,,,
Indonesia,Electricity production from hydroelectric sources (% of total),6.842027684,12.40549476,10.94221032,10.73238682,11.51065637,9.178779674,8.054065537,8.05073109,8.409851877,7.23142359,7.939444675,7.720021965,7.261408142,10.28305499,6.770910003,6.398540219,7.833996852,6.653618635,5.872623769,,,,,,
"Iran, Islamic Rep.",Electricity production from hydroelectric sources (% of total),7.087403467,6.80429908,4.388628454,3.007357727,3.884651134,5.707357883,7.212207073,6.366599168,9.040474372,9.479868384,8.817762003,2.332074768,3.267380404,4.089131564,5.023078333,4.895074643,5.556444668,5.047904475,5.02079228,,,,,,
Iraq,Electricity production from hydroelectric sources (% of total),1.915026863,1.916303118,1.916801318,1.915360502,1.916219652,1.5267401,1.527875794,1.526552098,19.73684211,18.02323862,17.25787526,9.447516808,8.526435385,9.746871677,6.30206111,9.544091442,8.142480572,4.325050171,3.731754737,,,,,,
Ireland,Electricity production from hydroelectric sources (% of total),3.443547158,4.387393428,3.8869745,3.573691547,2.419616759,3.671054221,2.405373879,2.49851279,2.462342933,2.670010326,2.395231084,3.239935803,3.226267973,2.125922771,2.602709468,2.954939022,2.342130987,2.747210167,2.871988327,,,,,,
Isle of Man,Electricity production from hydroelectric sources (% of total),,,,,,,,,,,,,,,,,,,,,,,,,
Israel,Electricity production from hydroelectric sources (% of total),0.071225071,0.065867475,0.084151473,0.072665901,0.022752611,0.046153846,0.06589996,0.059222911,0.057610798,0.029668895,0.026026175,0.028069191,0.043630017,0.05290915,0.048593308,0.052378458,0.045660611,0.021377008,0.037368044,,,,,,
Italy,Electricity production from hydroelectric sources (% of total),16.8758417,16.25041888,17.49821604,16.37357793,17.21663589,14.23907874,12.80922739,14.31416236,12.15031667,12.0231011,10.64687141,13.27573064,17.04198242,17.10864101,15.24141188,14.08519398,18.33009736,21.05056883,16.17334726,,,,,,
Jamaica,Electricity production from hydroelectric sources (% of total),1.758593125,1.759259259,1.755182327,1.740841659,0.901442308,1.355638881,1.637279597,1.856727172,2.047965508,2.221330122,2.66844563,3.73081464,3.183265121,3.518518519,3.481447549,3.792064289,2.905083897,3.297769156,3.129548763,,,,,,
Japan,Electricity production from hydroelectric sources (% of total),8.410549508,8.616397901,7.900983479,7.83371259,7.676528614,7.377267644,8.559085274,8.279351534,6.771061614,7.742862375,6.416622233,6.942679845,7.197513219,7.21117411,7.743628263,7.144019867,7.370949399,7.758889723,8.229092813,,,,,,
Jordan,Electricity production from hydroelectric sources (% of total),0.271392082,0.19273536,0.197712188,0.528813559,0.569611869,0.651746188,0.512884663,0.591056095,0.590428838,0.458633094,0.469194677,0.448041625,0.413396861,0.412803681,0.375503516,0.367558448,0.318600475,0.318331504,0.27874198,,,,,,
Kazakhstan,Electricity production from hydroelectric sources (% of total),12.49807692,12.49567606,12.91001726,14.67344712,14.21284978,15.23773611,13.50483826,12.03525282,11.57899391,10.84053198,10.66738035,9.287039227,8.739677296,9.706458873,9.10424318,8.228018574,7.499563471,7.864430654,8.705902243,,,,,,
Kenya,Electricity production from hydroelectric sources (% of total),72.56735694,70.89649199,54.97855046,33.07538692,53.23438192,67.08969671,65.3830726,53.43639411,52.12747631,52.21408092,53.83546844,43.29787234,32.0295203,46.34839059,44.50032237,52.63866781,44.44569626,35.75286239,39.23945705,,,,,,
Kiribati,Electricity production from hydroelectric sources (% of total),,,,,,,,,,,,,,,,,,,,,,,,,
"Korea, Dem. People's Rep.",Electricity production from hydroelectric sources (% of total),55.44041451,60,55.37634409,52.57731959,52.47524752,53.70145631,55.81483951,56.88799891,57.31494413,56.25139291,61.70143567,60.62486533,59.16599612,61.85376662,68.65702694,70.18091079,75.82369627,72.58920096,72.79609813,,,,,,
"Korea, Rep.",Electricity production from hydroelectric sources (% of total),1.266466769,1.980385895,1.765310107,1.389822754,1.342770357,0.980279196,1.428359135,1.18108518,0.946957002,0.86210754,0.852537538,0.691541123,0.622791559,0.741265668,0.884140655,0.747549135,0.797373446,0.504153034,0.390731684,,,,,,
Kosovo,Electricity production from hydroelectric sources (% of total),,,,1.75853906,1.390374332,1.399730821,1.432506887,2.768250857,2.512337371,2.277852954,1.944157187,1.472297559,2.411575563,3.018575851,1.810032753,1.615345785,2.191570881,2.777777778,2.287955548,,,,,,
Kuwait,Electricity production from hydroelectric sources (% of total),0,0,0,0,0,0,0,0,0,0,0,0,0,0,0,0,0,0,0,,,,,,
Kyrgyz Republic,Electricity production from hydroelectric sources (% of total),76.54182709,79.83139301,85.90024761,85.89511754,85.90766079,85.90840463,85.906854,85.8794003,85.8773756,85.8775735,85.87997303,85.87666469,92.18623116,91.80165289,93.27747724,93.47969409,93.47655414,91.2572056,85.18802763,,,,,,
Lao PDR,Electricity production from hydroelectric sources (% of total),,,,,,,,,,,,,,,,,,,,,,,,,
Latvia,Electricity production from hydroelectric sources (% of total),65.53484243,74.45230292,67.08029197,68.15764023,66.19158879,61.98742138,57.00628931,66.30411602,67.7945373,55.16254345,57.28358835,58.9495639,62.07577662,53.11604044,47.37446669,60.11026431,46.89966178,38.78622836,33.61648292,,,,,,
Lebanon,Electricity production from hydroelectric sources (% of total),10.58132707,7.724097215,3.320996299,4.640826873,3.303243726,5.828748281,10.83207502,9.070294785,8.477186158,6.024096386,4.860822601,2.802193674,4.516738073,5.339867617,4.919034525,6.792121948,7.256819352,1.075089127,2.603826919,,,,,,
Lesotho,Electricity production from hydroelectric sources (% of total),,,,,,,,,,,,,,,,,,,,,,,,,
Liberia,Electricity production from hydroelectric sources (% of total),,,,,,,,,,,,,,,,,,,,,,,,,
Libya,Electricity production from hydroelectric sources (% of total),0,0,0,0,0,0,0,0,0,0,0,0,0,0,0,0,0,0,0,,,,,,
Liechtenstein,Electricity production from hydroelectric sources (% of total),,,,,,,,,,,,,,,,,,,,,,,,,
Lithuania,Electricity production from hydroelectric sources (% of total),2.057269947,2.431061622,3.170601268,3.057279022,2.269878847,2.0469527,1.726152539,2.245093857,3.128685397,3.287240209,3.125463994,3.016432806,2.895581507,10.81297557,11.30475742,9.339810113,12.36355007,10.7605178,8.196336308,,,,,,
Luxembourg,Electricity production from hydroelectric sources (% of total),20.44334975,31.42076503,23.61111111,29.38388626,13.61014994,3.525641026,2.832556472,3.075103489,2.807646356,3.145366959,3.655107779,4.842259721,3.362944162,3.343653251,2.339622642,3.59085963,6.435911303,5.669291339,7.438016529,,,,,,
"Macao SAR, China",Electricity production from hydroelectric sources (% of total),,,,,,,,,,,,,,,,,,,,,,,,,
Madagascar,Electricity production from hydroelectric sources (% of total),,,,,,,,,,,,,,,,,,,,,,,,,
Malawi,Electricity production from hydroelectric sources (% of total),,,,,,,,,,,,,,,,,,,,,,,,,
Malaysia,Electricity production from hydroelectric sources (% of total),6.691083738,7.996903362,11.53557249,10.05847953,9.927691182,7.143530553,6.442034434,7.085217053,6.278954435,7.171323611,6.655318102,7.628756352,5.998982785,5.186479252,5.896731773,6.739047931,7.651718854,9.078518197,9.275061117,,,,,,
Maldives,Electricity production from hydroelectric sources (% of total),,,,,,,,,,,,,,,,,,,,,,,,,
Mali,Electricity production from hydroelectric sources (% of total),,,,,,,,,,,,,,,,,,,,,,,,,
Malta,Electricity production from hydroelectric sources (% of total),0,0,0,0,0,0,0,0,0,0,0,0,0,0,0,0,0,0,0,,,,,,
Marshall Islands,Electricity production from hydroelectric sources (% of total),,,,,,,,,,,,,,,,,,,,,,,,,
Mauritania,Electricity production from hydroelectric sources (% of total),,,,,,,,,,,,,,,,,,,,,,,,,
Mauritius,Electricity production from hydroelectric sources (% of total),6.647605432,6.827048114,1.892744479,5.399325084,3.715332287,4.41025641,5.667627281,5.635103926,5.061619718,3.276595745,3.407707911,4.223699648,4.734187039,3.756043139,2.050530941,2.645691813,3.289473684,3.098399728,4.070737404,,,,,,
Mexico,Electricity production from hydroelectric sources (% of total),15.78036097,13.50765754,17.11764399,16.10939589,13.31943847,11.43382168,8.415990382,10.60934494,11.04965546,11.80983856,10.30640248,14.55321835,9.978562412,13.47586712,11.97254509,10.37763485,9.417945286,12.90000531,9.903965443,,,,,,
"Micronesia, Fed. Sts.",Electricity production from hydroelectric sources (% of total),,,,,,,,,,,,,,,,,,,,,,,,,
Moldova,Electricity production from hydroelectric sources (% of total),5.921562548,5.84496124,6.23655914,6.724937567,6.292772492,6.507854307,6.313850276,6.470992104,6.293823038,6.188443861,6.383338977,6.459647957,5.776056793,6.657942091,6.08365019,4.636332299,6.902694277,5.924126332,5.056640946,,,,,,
Monaco,Electricity production from hydroelectric sources (% of total),,,,,,,,,,,,,,,,,,,,,,,,,
Mongolia,Electricity production from hydroelectric sources (% of total),0,0,0,0,0,0,0,0,0,0,0,0,0,0,0,0,0,0,0,,,,,,
Montenegro,Electricity production from hydroelectric sources (% of total),,,,,,,,,65.15363128,59.28184282,59.8880597,54.42008487,75.03623188,68.37394331,45.3313253,51.93389592,63.47275032,55.21588402,49.65034965,,,,,,
Morocco,Electricity production from hydroelectric sources (% of total),15.32406386,13.70296114,6.397828616,5.581901578,5.788913997,5.579258287,8.782724092,9.082180175,5.075168481,5.024164317,4.598683219,4.51848249,12.14471506,14.65021967,8.022074702,5.966709347,9.306016448,5.69470535,6.116158339,,,,,,
Mozambique,Electricity production from hydroelectric sources (% of total),97.21393035,99.60664336,99.68871595,99.54620462,99.62978544,99.70106986,99.66076831,99.6073075,99.84192699,99.86428717,99.91913411,99.91406095,99.92336261,99.88599544,99.88116459,99.86153238,97.65693186,91.15757439,86.41088736,,,,,,
Myanmar,Electricity production from hydroelectric sources (% of total),37.93025872,22.92824354,22.37551196,36.96756546,38.85689913,41.65351223,38.24884793,42.93100374,49.81715426,53.9422453,56.55571183,61.4768952,75.47386559,67.67864245,76.18565059,72.36302646,72.04213277,62.36490782,58.85410144,,,,,,
Namibia,Electricity production from hydroelectric sources (% of total),95.01557632,97.35034347,96.69148056,99.21819474,100,99.58012596,99.85925405,99.12980421,99.75903614,94.14694894,97.84263959,88.74045802,94.56375839,95.55555556,98.18181818,97.80888618,95.56724267,99.13217623,97.78645833,,,,,,
Nauru,Electricity production from hydroelectric sources (% of total),,,,,,,,,,,,,,,,,,,,,,,,,
Nepal,Electricity production from hydroelectric sources (% of total),90.84687767,90.48,95.46684709,98.37251356,99.03588645,99.81158738,99.82355536,99.4210091,99.36833794,99.52692868,99.67765043,99.6799431,99.58266453,99.90648379,99.94272623,99.46509009,99.71566676,99.78930735,99.80017128,,,,,,
Netherlands,Electricity production from hydroelectric sources (% of total),0.106330109,0.122921583,0.103782288,0.15842733,0.124915922,0.114606016,0.074366337,0.093860533,0.088069575,0.107251626,0.101744877,0.094837846,0.086198556,0.08803555,0.050016233,0.100679587,0.11205473,0.108298362,0.084491687,,,,,,
New Caledonia,Electricity production from hydroelectric sources (% of total),,,,,,,,,,,,,,,,,,,,,,,,,
New Zealand,Electricity production from hydroelectric sources (% of total),62.66943329,67.31096459,60.59973028,62.25443983,54.78368543,61.21243447,57.92481055,63.61406951,54.28458388,54.05944681,54.02600965,50.9589291,55.72917865,55.08863353,56.46426725,51.73730345,53.25182583,55.89472474,55.50277118,,,,,,
Nicaragua,Electricity production from hydroelectric sources (% of total),19.90220049,13.06266549,18.14404432,8.932369205,7.817460317,11.5648855,10.71428571,10.98562628,14.19206817,9.827696235,9.538653367,15.88812853,8.601216334,13.77425526,11.61087866,10.39444307,10.94575132,8.884390463,6.442454684,,,,,,
Niger,Electricity production from hydroelectric sources (% of total),,,,0,0,0,0,0,0,0,0,0,0,0,0,0,0,0,0,,,,,,
Nigeria,Electricity production from hydroelectric sources (% of total),34.70248806,38.21719277,38.21244328,38.21552251,38.21627215,38.21768392,36.90051526,33.40061792,33.00055227,27.10082215,27.09983462,27.10090005,22.90033878,24.40182229,21.76148554,19.71364871,18.43991275,17.59131293,18.19512506,,,,,,
North Macedonia,Electricity production from hydroelectric sources (% of total),13.36699837,15.36606129,20.23896255,17.17809426,9.839673059,12.42817271,20.39180766,22.22888856,21.49236531,23.55124179,15.54324408,13.31009349,18.59988284,33.48484848,21.20136115,16.62408176,25.99277978,22.45999256,33.03223521,,,,,,
Northern Mariana Islands,Electricity production from hydroelectric sources (% of total),,,,,,,,,,,,,,,,,,,,,,,,,
Norway,Electricity production from hydroelectric sources (% of total),99.34928593,99.37473697,99.31718008,99.51372175,99.28787492,99.33353808,98.88533688,98.79571689,98.86553244,98.47139958,98.19560362,98.47518007,95.65121126,94.73539006,95.1887315,96.65584681,96.04154801,95.90302069,95.8255166,,,,,,
Oman,Electricity production from hydroelectric sources (% of total),0,0,0,0,0,0,0,0,0,0,0,0,0,0,0,0,0,0,0,,,,,,
Pakistan,Electricity production from hydroelectric sources (% of total),35.49191537,34.31099835,29.32198237,25.24223384,26.15076626,29.52419951,33.33415811,29.97932943,32.96200963,32.53438954,30.00909462,30.32658051,29.46086811,33.70380573,29.98948365,31.06059818,30.62473577,30.35293678,30.67264412,,,,,,
Palau,Electricity production from hydroelectric sources (% of total),,,,,,,,,,,,,,,,,,,,,,,,,
Panama,Electricity production from hydroelectric sources (% of total),71.66131819,51.06179909,68.23144105,69.94065889,48.7704918,64.25467599,50.6276901,65.59625065,63.90938733,59.77625647,57.4039653,61.82101167,56.35574837,56.80617635,52.39069292,62.62931536,57.5351641,54.20480241,60.77117327,,,,,,
Papua New Guinea,Electricity production from hydroelectric sources (% of total),,,,,,,,,,,,,,,,,,,,,,,,,
Paraguay,Electricity production from hydroelectric sources (% of total),99.90759673,99.90763123,99.90186646,100,100,100,100,100,100,100,100,100,100,99.99815041,99.99826464,99.99501951,99.99503155,99.98914656,99.99820608,,,,,,
Peru,Electricity production from hydroelectric sources (% of total),73.56104084,74.30955585,76.33403361,81.18911319,84.73385311,82.06341264,80.84976444,72.25314368,70.90081964,72.01915345,65.31355451,58.71107,59.19098667,55.84285316,55.03658568,53.42640546,51.27798465,48.54787211,49.14095045,,,,,,
Philippines,Electricity production from hydroelectric sources (% of total),15.24989321,12.18432825,18.92257193,17.2201369,15.09883103,14.51090433,14.86588591,15.3564344,14.82666572,17.50347815,14.36479844,16.18355502,15.80723826,11.51870332,14.01931306,14.05905021,13.31145537,11.82599467,10.51411792,,,,,,
Poland,Electricity production from hydroelectric sources (% of total),1.391421577,1.640252609,1.539274719,1.470937461,1.617717661,1.599309469,1.113933164,1.364798427,1.416718697,1.270184867,1.48147215,1.390989593,1.57158833,1.858818886,1.429026839,1.259654569,1.486995647,1.377217554,1.114755295,,,,,,
Portugal,Electricity production from hydroelectric sources (% of total),38.37747568,33.35389519,16.91289556,26.10670479,30.39767805,17.08652793,33.79763978,22.01574944,10.24292024,22.6490448,21.51995906,14.95107202,16.74144133,30.07580414,22.24020968,12.33543971,27.16982626,29.96401008,16.88734619,,,,,,
Puerto Rico,Electricity production from hydroelectric sources (% of total),,,,,,,,,,,,,,,,,,,,,,,,,
Qatar,Electricity production from hydroelectric sources (% of total),0,0,0,0,0,0,0,0,0,0,0,0,0,0,0,0,0,0,0,,,,,,
Romania,Electricity production from hydroelectric sources (% of total),30.63799258,35.29048901,36.06783672,28.45534717,27.70393198,29.31579428,24.04606456,29.22706597,34.01107502,29.27731789,25.88815203,26.4717655,26.90289396,32.79994721,23.75522186,20.52948583,25.55179718,28.84267354,25.231334,,,,,,
Russian Federation,Electricity production from hydroelectric sources (% of total),18.79367335,19.18410921,18.98533975,18.72024991,19.5538679,18.24072991,17.03568085,18.90763035,18.15437797,17.44230856,17.47070996,15.86653326,17.59344272,16.06798853,15.74965266,15.51444713,17.12867664,16.49831079,15.76476859,,,,,,
Rwanda,Electricity production from hydroelectric sources (% of total),,,,,,,,,,,,,,,,,,,,,,,,,
Samoa,Electricity production from hydroelectric sources (% of total),,,,,,,,,,,,,,,,,,,,,,,,,
San Marino,Electricity production from hydroelectric sources (% of total),,,,,,,,,,,,,,,,,,,,,,,,,
Sao Tome and Principe,Electricity production from hydroelectric sources (% of total),,,,,,,,,,,,,,,,,,,,,,,,,
Saudi Arabia,Electricity production from hydroelectric sources (% of total),0,0,0,0,0,0,0,0,0,0,0,0,0,0,0,0,0,0,0,,,,,,
Senegal,Electricity production from hydroelectric sources (% of total),0,0,0,0,0,9.491193738,15.68901304,12.94169611,10.49528302,9.594095941,6.814759036,8.231488138,8.362491253,8.22496749,8.156140908,8.405797101,8.649255827,8.64064603,8.647281922,,,,,,
Serbia,Electricity production from hydroelectric sources (% of total),34.07822721,34.09860347,41.06554924,35.14938489,35.43979505,33.51397604,27.85443646,29.50963222,32.98788178,30.05674187,27.46101231,25.96725584,27.94612795,31.77457713,22.79349884,25.67250007,26.01014607,32.89780542,26.81207607,,,,,,
Seychelles,Electricity production from hydroelectric sources (% of total),,,,,,,,,,,,,,,,,,,,,,,,,
Sierra Leone,Electricity production from hydroelectric sources (% of total),,,,,,,,,,,,,,,,,,,,,,,,,
Singapore,Electricity production from hydroelectric sources (% of total),0,0,0,0,0,0,0,0,0,0,0,0,0,0,0,0,0,0,0,,,,,,
Sint Maarten (Dutch part),Electricity production from hydroelectric sources (% of total),,,,,,,,,,,,,,,,,,,,,,,,,
Slovak Republic,Electricity production from hydroelectric sources (% of total),16.22161019,16.58246541,15.91887564,14.98473927,15.46647413,16.35415373,11.23087846,13.46027577,14.79331462,14.07634956,15.95798078,14.04381085,16.85250203,19.13413924,13.35548643,14.48390285,17.00217437,15.50390452,14.51637128,,,,,,
Slovenia,Electricity production from hydroelectric sources (% of total),23.46690953,25.1238345,28.20841502,28.14151497,26.24084059,22.68803946,21.39652677,26.80898435,22.89475425,23.75785643,21.71109486,24.50149399,28.74474182,27.79452476,22.38140119,25.07718034,29.28078942,35.49496009,25.70020922,,,,,,
Solomon Islands,Electricity production from hydroelectric sources (% of total),,,,,,,,,,,,,,,,,,,,,,,,,
Somalia,Electricity production from hydroelectric sources (% of total),,,,,,,,,,,,,,,,,,,,,,,,,
South Africa,Electricity production from hydroelectric sources (% of total),1.006960155,0.78589237,0.362235683,0.529742057,0.95353384,1.090298494,0.303137757,0.3943054,0.550288158,1.15526747,0.333205374,0.470806476,0.567226465,0.823696269,0.792446143,0.472710297,0.457755379,0.39082699,0.32463848,,,,,,
South Sudan,Electricity production from hydroelectric sources (% of total),,,,,,,,,,,,,,,,0,0,0,0,,,,,,
Spain,Electricity production from hydroelectric sources (% of total),18.37354016,17.57518408,11.08789965,12.79009239,17.54345317,8.846392711,15.7329789,11.23577635,6.354575135,8.782334513,9.047538588,7.513071664,9.048922633,14.18074551,10.49486679,6.989474114,13.09847395,14.2459147,10.12988135,,,,,,
Sri Lanka,Electricity production from hydroelectric sources (% of total),66.99708455,68.88967095,67.43208279,45.64534552,45.84869488,37.98504304,42.71643339,35.95628415,37.01201201,48.77894737,39.86466014,41.26936532,38.86441017,52.16183687,39.62086121,27.66154105,57.53971555,36.52997352,45.28144439,,,,,,
St. Kitts and Nevis,Electricity production from hydroelectric sources (% of total),,,,,,,,,,,,,,,,,,,,,,,,,
St. Lucia,Electricity production from hydroelectric sources (% of total),,,,,,,,,,,,,,,,,,,,,,,,,
St. Martin (French part),Electricity production from hydroelectric sources (% of total),,,,,,,,,,,,,,,,,,,,,,,,,
St. Vincent and the Grenadines,Electricity production from hydroelectric sources (% of total),,,,,,,,,,,,,,,,,,,,,,,,,
Sudan,Electricity production from hydroelectric sources (% of total),49.02325581,53.05188199,49.93809327,46.04904632,44.64788732,41.61008729,34.67501491,31.92962215,32.95870361,30.3030303,28.89862577,26.57101344,49.73039593,82.70436058,76.48728563,70.14624841,80.8537534,78.34915612,64.53590864,,,,,,
Suriname,Electricity production from hydroelectric sources (% of total),,,,88.39590444,86.63967611,79.3768546,72.6109857,65.60056859,52.70092227,66.88396349,74.14790997,77.94544399,76.7816092,70.18561485,60.6355715,63.23529412,59.93589744,62.33944954,60.05314438,,,,,,
Sweden,Electricity production from hydroelectric sources (% of total),46.28232109,47.23189601,46.30064971,54.10965978,48.92478109,45.23517382,39.54823126,39.63988317,45.97164778,43.0767835,44.45482217,46.07856218,48.20649469,44.72450492,44.21446351,47.42483597,40.09710451,41.52545684,46.50869815,,,,,,
Switzerland,Electricity production from hydroelectric sources (% of total),54.91515034,53.72207242,58.25287959,55.70443409,58.13279293,53.79057512,53.24006116,52.8427151,54.03450484,49.82457834,53.05618688,53.7561907,53.57940996,54.59486465,51.50426154,56.64807749,55.96769499,54.25808108,57.88159826,,,,,,
Syrian Arab Republic,Electricity production from hydroelectric sources (% of total),13.32513325,12.76052744,11.91989132,12.81278503,12.76579814,8.749509156,9.338705854,13.01555632,12.38013454,10.58123005,9.000569329,6.993637715,4.308672763,5.584642234,7.842809365,9.228006158,12.03176386,11.10741919,2.309714222,,,,,,
Tajikistan,Electricity production from hydroelectric sources (% of total),97.91503035,98.10705866,97.65778312,98.44177722,98.77624809,99.0981571,98.95208674,99.07828513,99.28028087,98.61824624,97.82782668,97.85099399,98.65359558,99.78703985,99.76598103,99.56403912,99.74291557,99.02865469,98.4733714,,,,,,
Tanzania,Electricity production from hydroelectric sources (% of total),75.50807712,96.65116279,93.7147811,86.36731392,94.7935368,96.24911536,95.86310643,60.24565608,50.0140647,41.64733179,60.3250478,60.35543404,55.68445476,51.21350019,39.13214216,31.61567364,28.90085844,41.64656697,33.48689436,,,,,,
Thailand,Electricity production from hydroelectric sources (% of total),7.723167357,5.748900635,3.924965848,6.278587578,6.15407147,6.853311073,6.239368113,4.804059589,4.385878651,5.85619351,5.659166678,4.824793456,4.816906344,3.470994596,5.232994211,5.2466916,3.372902938,3.210626362,2.665954095,,,,,,
Timor-Leste,Electricity production from hydroelectric sources (% of total),,,,,,,,,,,,,,,,,,,,,,,,,
Togo,Electricity production from hydroelectric sources (% of total),64.58333333,57.14285714,48.13084112,57.14285714,39.83739837,56.57894737,69.31818182,43.5483871,39.15343915,41.17647059,46.93877551,73.98373984,72.36842105,51.95530726,82.8125,80.18018018,76.34408602,82.75862069,69.13580247,,,,,,
Tonga,Electricity production from hydroelectric sources (% of total),,,,,,,,,,,,,,,,,,,,,,,,,
Trinidad and Tobago,Electricity production from hydroelectric sources (% of total),0,0,0,0,0,0,0,0,0,0,0,0,0,0,0,0,0,0,0,,,,,,
Tunisia,Electricity production from hydroelectric sources (% of total),0.518684428,0.792515135,0.900270081,0.60400151,0.474016854,0.540494891,1.470327724,1.289782245,1.14524919,0.704387107,0.356648956,0.208870013,0.517964857,0.305399462,0.327332242,0.609047118,0.326424025,0.291621101,0.350681033,,,,,,
Turkiye,Electricity production from hydroelectric sources (% of total),38.54553903,38.03660536,29.78100309,24.71862442,19.564066,26.0301391,25.1314189,30.58036603,24.42700487,25.09600168,18.71548043,16.76763197,18.45779521,24.52369228,22.81586622,24.16115509,24.74245692,16.13133674,25.64948832,,,,,,
Turkmenistan,Electricity production from hydroelectric sources (% of total),0.052642662,0.063721325,0.056433409,0,0,0,0,0,0,0,0,0,0,0,0,0,0,0,0,,,,,,
Turks and Caicos Islands,Electricity production from hydroelectric sources (% of total),,,,,,,,,,,,,,,,,,,,,,,,,
Tuvalu,Electricity production from hydroelectric sources (% of total),,,,,,,,,,,,,,,,,,,,,,,,,
Uganda,Electricity production from hydroelectric sources (% of total),,,,,,,,,,,,,,,,,,,,,,,,,
Ukraine,Electricity production from hydroelectric sources (% of total),5.542496598,9.11634211,8.330619271,6.582627329,6.96284208,5.546401493,5.1262985,6.456628028,6.649884623,6.668633204,5.227489287,5.977589233,6.874823608,6.96506874,5.614830621,5.282739221,7.124714774,4.658881715,3.329261973,,,,,,
United Arab Emirates,Electricity production from hydroelectric sources (% of total),0,0,0,0,0,0,0,0,0,0,0,0,0,0,0,0,0,0,0,,,,,,
United Kingdom,Electricity production from hydroelectric sources (% of total),1.193940088,1.417418349,1.46091718,1.358530885,1.060758222,1.244685968,0.816003479,1.237738897,1.244733528,1.167424955,1.291952841,1.33591456,1.401341836,0.941930575,1.56062359,1.468100414,1.323307255,1.757567262,1.869745151,,,,,,
United States,Electricity production from hydroelectric sources (% of total),9.072904129,7.782749078,7.174470098,6.289399722,4.90388871,6.63207993,6.87134694,6.535987734,6.382108498,6.827327462,5.772985824,5.911010412,6.616179258,6.023062386,7.43610219,6.521155808,6.317909904,6.053798474,5.84163826,,,,,,
Uruguay,Electricity production from hydroelectric sources (% of total),90.73866816,95.67307692,76.45259939,92.92303637,99.39459459,99.27121291,99.42883786,80.9726237,86.99557407,63.98433327,85.60364948,51.31713992,59.32107815,78.81764438,62.63534416,51.15598754,70.36528897,74.13753362,60.16011645,,,,,,
Uzbekistan,Electricity production from hydroelectric sources (% of total),12.54397012,12.54466231,12.54518205,12.54481052,12.54560997,12.54512269,15.42510121,18.02,17.54065041,17.98900236,13.07456588,22.99595142,18.67867868,20.9787234,19.54198473,21.35238095,21.32841328,21.35379061,20.65293296,,,,,,
Vanuatu,Electricity production from hydroelectric sources (% of total),,,,,,,,,,,,,,,,,,,,,,,,,
"Venezuela, RB",Electricity production from hydroelectric sources (% of total),73.35938,71.59649947,75.16465525,73.74840215,67.06798788,64.81513739,65.83572609,71.10459453,73.28342063,73.89831736,72.72225822,72.79395123,71.88660311,67.49000132,70.9302227,67.41140786,67.8345242,68.26270423,63.6950421,,,,,,
Vietnam,Electricity production from hydroelectric sources (% of total),60.92933305,51.15732202,58.46597903,54.78332894,59.49424987,50.83808247,46.39218082,38.55958796,31.58081109,33.73613476,34.37649236,35.40519919,36.0456868,29.02964079,39.32277654,44.89676168,41.54605211,42.87679576,36.61397546,,,,,,
Virgin Islands (U.S.),Electricity production from hydroelectric sources (% of total),,,,,,,,,,,,,,,,,,,,,,,,,
West Bank and Gaza,Electricity production from hydroelectric sources (% of total),,,,,,,,,,,,,,,,,,,,,,,,,
"Yemen, Rep.",Electricity production from hydroelectric sources (% of total),0,0,0,0,0,0,0,0,0,0,0,0,0,0,0,0,0,0,0,,,,,,
Zambia,Electricity production from hydroelectric sources (% of total),99.30739202,99.15822702,99.33024214,99.38445755,99.37051492,99.37446339,99.37417258,99.43582511,99.40689346,99.86573022,99.8755574,99.87413468,99.87870211,99.87557427,99.86954253,99.85446313,99.85714286,97.16302242,96.99382395,,,,,,
Zimbabwe,Electricity production from hydroelectric sources (% of total),29.09016169,29.25717758,41.00973064,45.66118656,37.50316216,44.35775009,60.73417434,56.6004733,52.43225944,66.59142212,70.74517019,74.85901639,74.85941572,66.92440854,56.43446181,58.56785831,52.20480669,54.16916018,51.39561232,,,,,,
Africa Eastern and Southern,Electricity production from hydroelectric sources (% of total),10.18223819,12.29493561,12.68826373,13.08630141,14.54724793,15.06284254,13.9286953,13.89548181,14.63033508,15.54926324,15.24418488,15.22148887,16.50146219,17.79754291,17.90911011,18.06179966,18.69779864,19.69513897,19.5414253,,,,,,
Africa Western and Central,Electricity production from hydroelectric sources (% of total),50.30787783,44.98996982,46.42080208,49.46490822,47.95724796,42.64095774,42.04485452,41.66116219,40.13915848,35.88580263,33.07238913,37.94260388,37.38078897,34.53115241,33.92450026,31.74373037,30.79267012,30.49645683,27.11430244,,,,,,
Arab World,Electricity production from hydroelectric sources (% of total),5.117982873,4.759518099,4.797879225,4.37400738,4.481296387,3.638291181,3.797294403,3.745751639,4.307738893,3.95689206,3.949859051,3.168147976,3.096094752,3.535114037,3.237696166,3.198796695,3.378876141,2.824991983,2.42992581,,,,,,
Caribbean small states,Electricity production from hydroelectric sources (% of total),,,,,,,,,,,,,,,,,,,,,,,,,
Central Europe and the Baltics,Electricity production from hydroelectric sources (% of total),9.690666257,10.55151935,10.66372414,9.345138681,9.200023745,9.17739177,7.468631834,9.398585877,10.3679404,9.502913808,8.193397987,8.802549864,9.800293738,11.46370243,7.958415073,7.879824196,9.911898546,10.6711593,9.133111617,,,,,,
Early-demographic dividend,Electricity production from hydroelectric sources (% of total),21.248116,20.72727705,19.89896177,18.88780301,17.9346337,17.46801812,17.30768932,17.84586511,18.29617735,18.66323332,17.28295275,16.70074511,15.74658449,16.12901926,16.31057832,15.34218372,15.75470802,14.64318831,13.96931065,,,,,,
East Asia & Pacific,Electricity production from hydroelectric sources (% of total),11.98965194,12.32665057,11.60288756,11.50346312,12.44253348,11.79830939,11.23139635,11.82807398,11.42532157,11.59700361,11.25011262,12.6132086,12.65150394,12.91312626,12.04533073,13.8040298,13.66646542,14.95630514,15.22208306,,,,,,
East Asia & Pacific (excluding high income),Electricity production from hydroelectric sources (% of total),16.67852827,17.12452632,16.29635256,16.26763426,18.20485073,16.87529353,14.70346363,15.56555354,15.35449831,14.9328347,14.58063567,16.44299823,16.13401527,16.33148011,14.58242832,17.06090619,16.5316539,18.13579292,18.38755544,,,,,,
East Asia & Pacific (IDA & IBRD countries),Electricity production from hydroelectric sources (% of total),16.15739429,16.63015129,15.83103584,15.85418599,17.83106386,16.52000711,14.33360825,15.22382831,15.03171633,14.65798482,14.315247,16.18849821,15.92334762,16.12818752,14.3894567,16.88231191,16.35662557,17.98541635,18.27601717,,,,,,
Euro area,Electricity production from hydroelectric sources (% of total),12.06744394,11.94262974,11.77673153,11.70639012,12.48575444,10.05611632,10.10619176,10.08527894,8.61909099,9.167791311,9.087827084,9.559159165,10.30654011,11.27436572,9.215732621,9.83692046,11.85224562,11.98908269,9.979026475,,,,,,
Europe & Central Asia,Electricity production from hydroelectric sources (% of total),17.35015478,17.73448433,17.68273921,17.58866391,17.42202411,16.06685388,14.93272176,15.8080614,15.60127697,15.07720697,14.94813993,15.11104698,15.94642781,16.33154427,14.88551488,15.78553137,16.83443839,16.59694596,16.18090734,,,,,,
Europe & Central Asia (excluding high income),Electricity production from hydroelectric sources (% of total),19.65321747,20.53366051,20.09537278,19.0470698,18.82740712,18.62133172,17.91279011,19.8405658,19.03313706,18.38865389,17.15377867,16.137693,17.80543637,18.24862601,16.84304742,16.87168797,18.3727533,16.55171799,17.41688501,,,,,,
Europe & Central Asia (IDA & IBRD countries),Electricity production from hydroelectric sources (% of total),18.69290379,19.60221477,19.28903461,18.0977325,17.9383835,17.7518397,16.86187448,18.8556572,18.29073742,17.54851538,16.30148278,15.52641672,17.06997744,17.7362194,15.99929141,15.92936869,17.55638976,16.11991394,16.61795004,,,,,,
European Union,Electricity production from hydroelectric sources (% of total),13.41127126,13.57178644,13.36976249,13.36964118,13.85568913,11.5279118,10.89066052,11.26248517,10.65152624,10.58197534,10.46058451,11.01300601,11.72942517,12.62835704,10.55300291,11.37973127,12.72801011,13.0704362,11.67339285,,,,,,
Fragile and conflict affected situations,Electricity production from hydroelectric sources (% of total),36.49051131,36.86454817,37.6358438,38.36031155,36.38602219,35.70862227,36.44489804,38.08225882,40.68888988,40.04450469,39.8618041,38.28151122,38.2604141,36.15666205,37.55393035,36.72864988,36.31175695,35.53268796,33.47001467,,,,,,
Heavily indebted poor countries (HIPC),Electricity production from hydroelectric sources (% of total),58.56431344,56.77174938,58.10020884,59.1399905,58.41745236,56.21973422,54.83429523,54.3944527,53.04272699,51.4997356,51.01158965,51.57801782,52.94704008,53.83351167,52.52918745,50.62299239,50.39128753,50.00132605,46.39806218,,,,,,
High income,Electricity production from hydroelectric sources (% of total),14.44679981,13.71283437,13.36042016,13.0705121,12.34092086,12.35151618,11.96369026,11.83453915,11.68770713,11.67145427,11.24249398,11.57331248,11.99414457,11.54613939,11.83200074,11.8247811,12.08792727,12.04794899,11.58490431,,,,,,
IBRD only,Electricity production from hydroelectric sources (% of total),23.98319389,24.33327243,23.46374087,22.81354784,22.44434438,21.74847821,20.46926185,21.19873919,21.27514336,20.8167987,20.00140687,20.16536614,20.14391802,20.03792362,18.8886245,19.42569641,19.21400565,19.38419586,19.10005162,,,,,,
IDA & IBRD total,Electricity production from hydroelectric sources (% of total),24.64754741,24.95524228,24.14088977,23.46922034,23.127087,22.46422269,21.28435734,21.92013337,21.99163455,21.48544711,20.60187031,20.74667768,20.69486099,20.64547927,19.51051369,20.01672028,19.80008984,19.96108265,19.61902579,,,,,,
IDA blend,Electricity production from hydroelectric sources (% of total),29.24948042,29.14255337,27.05977414,24.67597912,25.38971347,27.89674294,31.23522954,29.77938465,30.77383102,30.25328408,28.00864933,30.67919182,28.04899421,31.14935238,28.39142996,29.21052654,28.44580657,28.02853609,28.1337944,,,,,,
IDA only,Electricity production from hydroelectric sources (% of total),44.74660056,43.51683986,44.47389543,44.50127266,43.60713436,41.45169179,40.75406483,39.97584127,39.28121886,37.92508372,37.20323948,35.57086474,36.13687039,36.43879615,38.01838337,37.91535651,38.79503117,39.1169664,36.24376435,,,,,,
IDA total,Electricity production from hydroelectric sources (% of total),36.58884381,36.1461067,36.10431881,35.29495262,35.17569369,35.02769176,36.29229179,35.27677786,35.51107823,34.64648977,33.45245374,33.86099025,33.14293542,34.70289091,34.53234552,34.84849573,34.87088551,34.8834651,33.20133324,,,,,,
Late-demographic dividend,Electricity production from hydroelectric sources (% of total),26.02365231,26.41270472,25.5264796,25.10640976,24.99401088,24.18635332,22.36340895,22.95801847,22.57695333,21.59565503,21.07071473,21.59646928,21.82226774,21.39902101,19.8494243,21.01267432,20.36910574,21.1249955,20.92784062,,,,,,
Latin America & Caribbean,Electricity production from hydroelectric sources (% of total),61.65894162,59.53045108,58.54968694,58.63730625,55.00723579,55.49647992,54.2946711,54.47000065,55.24893329,55.68546282,54.68483734,53.85166836,54.01564274,52.41608811,53.26499999,50.16894658,47.84164074,46.72962352,44.0291173,,,,,,
Latin America & Caribbean (excluding high income),Electricity production from hydroelectric sources (% of total),62.01521369,60.20109341,59.39564937,58.94421614,55.07461227,55.72956337,54.67228424,54.65626633,54.84176649,55.38630876,54.8562903,54.02993678,54.24702028,53.02098881,54.14796089,51.02236348,48.21868464,46.45553776,43.97465819,,,,,,
Latin America & the Caribbean (IDA & IBRD countries),Electricity production from hydroelectric sources (% of total),63.79713156,61.54662416,60.5213467,60.59869935,56.87057847,57.36977215,56.0843055,56.22407384,56.98075,57.45494917,56.43940987,55.5509331,55.71874632,54.02405564,54.87858257,51.68928907,49.3000024,48.15156122,45.3956441,,,,,,
Least developed countries: UN classification,Electricity production from hydroelectric sources (% of total),41.728882,45.3173236,44.44894584,45.18450674,46.02766253,45.66679255,43.58638048,41.20703927,41.39431982,40.88191971,40.80670252,39.08646112,40.056317,40.88708828,41.4739617,39.0792357,38.86795938,38.70680567,37.07298179,,,,,,
Low & middle income,Electricity production from hydroelectric sources (% of total),24.10105461,24.43847634,23.61662737,22.88432206,22.56002694,21.87854306,20.81103621,21.37414709,21.30864045,20.8463384,20.04196924,20.18987893,20.11079933,20.15488354,19.0940817,19.69190155,19.41841928,19.50147572,19.27309051,,,,,,
Low income,Electricity production from hydroelectric sources (% of total),,,,,,,,,,,,,,,,,,,,,,,,,
Lower middle income,Electricity production from hydroelectric sources (% of total),17.90465202,18.33613313,17.60015194,15.87444697,15.89688258,14.95885741,15.78129629,15.75071239,16.58224175,16.70491157,16.09766367,14.96207586,14.34855775,14.63122751,14.83705037,13.96879655,14.74421682,13.69968045,12.63288737,,,,,,
Middle East & North Africa,Electricity production from hydroelectric sources (% of total),4.960167592,4.645703254,4.209457613,3.636373436,3.891082622,3.653288943,4.128201882,3.95538217,4.927987951,4.782342113,4.634185319,2.696214515,2.694554769,2.965376138,2.92422736,2.888488675,3.055193882,2.527823421,2.273075903,,,,,,
Middle East & North Africa (excluding high income),Electricity production from hydroelectric sources (% of total),8.897804692,8.445475648,7.579641386,6.510489108,6.962158339,6.511417783,7.405839333,6.994409504,8.841994245,8.54666415,8.313924347,4.878779199,4.894036953,5.3972452,5.338550551,5.354163094,5.632795031,4.741989152,4.368157386,,,,,,
Middle East & North Africa (IDA & IBRD countries),Electricity production from hydroelectric sources (% of total),8.994662723,8.537409801,7.662150405,6.581359753,7.037945678,6.582298537,7.486456411,7.070547917,8.938244746,8.639699802,8.404426485,4.931887687,4.94731153,5.455997506,5.396663929,5.412446425,5.69411144,4.793608597,4.415707443,,,,,,
Middle income,Electricity production from hydroelectric sources (% of total),23.89957521,24.17225737,23.34071487,22.58520013,22.23267615,21.56530673,20.51726497,21.07643256,21.00858264,20.56048994,19.75498226,19.94440893,19.86328031,19.88897794,18.79728326,19.40954553,19.11045254,19.18975484,18.99791317,,,,,,
North America,Electricity production from hydroelectric sources (% of total),16.10168056,14.37826147,14.00241888,13.20334224,11.77340161,13.34145295,13.26064859,12.88452599,12.96996265,13.19063221,12.45825802,12.74318536,13.48737409,12.37163297,14.04783248,13.41858393,13.37516973,12.90770814,12.71017783,,,,,,
Not classified,Electricity production from hydroelectric sources (% of total),,,,,,,,,,,,,,,,,,,,,,,,,
OECD members,Electricity production from hydroelectric sources (% of total),15.48107477,14.67190123,14.3722324,14.03429345,13.1744972,13.28716948,12.91496427,12.94503333,12.69997523,12.83104666,12.28884203,12.76601616,13.11202687,12.79028359,13.24426504,13.26659556,13.47565687,13.38503416,13.10457851,,,,,,
Other small states,Electricity production from hydroelectric sources (% of total),12.9453767,13.47439519,13.99881703,14.30808146,13.8866498,14.20675561,13.40584632,12.962536,14.47415694,13.54927359,12.98363087,16.19009397,16.50133115,15.40635357,13.80436744,13.57521795,14.05626669,12.90926875,13.27169134,,,,,,
Pacific island small states,Electricity production from hydroelectric sources (% of total),,,,,,,,,,,,,,,,,,,,,,,,,
Post-demographic dividend,Electricity production from hydroelectric sources (% of total),14.631148,13.95530839,13.68389831,13.35298577,12.56423841,12.56869083,12.27263718,12.16912913,11.96477381,12.01429322,11.55771173,11.94139567,12.45990735,12.00164207,12.3792867,12.42631653,12.76420774,12.68076458,12.24949349,,,,,,
Pre-demographic dividend,Electricity production from hydroelectric sources (% of total),35.75810066,39.45819943,39.01660503,39.42272046,41.40097322,41.10983194,42.47241119,39.63499863,44.97335376,43.18827117,44.11444831,40.70817964,40.71739261,39.90047863,37.57108686,38.41010175,36.03254459,33.74934869,32.43154941,,,,,,
Small states,Electricity production from hydroelectric sources (% of total),9.762051808,10.22561391,10.6446407,12.21967797,11.862643,12.12964369,11.34774151,10.99758268,12.00508326,11.57273251,11.41829826,14.39817455,14.59789928,13.6291023,12.24560536,12.12439686,12.50164231,11.57844711,11.83911913,,,,,,
South Asia,Electricity production from hydroelectric sources (% of total),18.25659404,18.72388209,16.65259869,14.54018395,14.21885338,13.35918392,14.83491869,15.04559989,16.99850367,17.38788956,16.87139416,15.29775163,13.84719721,14.42970399,14.59182255,12.50215478,13.85100293,12.42232039,11.48858623,,,,,,
South Asia (IDA & IBRD),Electricity production from hydroelectric sources (% of total),18.25659404,18.72388209,16.65259869,14.54018395,14.21885338,13.35918392,14.83491869,15.04559989,16.99850367,17.38788956,16.87139416,15.29775163,13.84719721,14.42970399,14.59182255,12.50215478,13.85100293,12.42232039,11.48858623,,,,,,
Sub-Saharan Africa,Electricity production from hydroelectric sources (% of total),15.02388473,15.90830546,16.73617325,17.30617192,18.522126,18.65121784,17.27201193,17.43373528,17.84692638,18.11836574,17.35573787,17.99242127,19.04133034,20.04026221,20.10489438,20.02057082,20.45391318,21.28835828,20.63301163,,,,,,
Sub-Saharan Africa (excluding high income),Electricity production from hydroelectric sources (% of total),15.03539703,15.92049546,16.74899763,17.31943307,18.5363189,18.66550965,17.2852469,17.44709417,17.86060189,18.13224924,17.36903699,18.00620827,19.05592108,20.0556184,20.12030009,20.03591192,20.46958633,21.30467084,20.64882203,,,,,,
Sub-Saharan Africa (IDA & IBRD countries),Electricity production from hydroelectric sources (% of total),15.02388473,15.90830546,16.73617325,17.30617192,18.522126,18.65121784,17.27201193,17.43373528,17.84692638,18.11836574,17.35573787,17.99242127,19.04133034,20.04026221,20.10489438,20.02057082,20.45391318,21.28835828,20.63301163,,,,,,
Upper middle income,Electricity production from hydroelectric sources (% of total),26.04185084,26.30049766,25.48356893,25.05589258,24.58512889,23.99649413,22.21417774,22.93480571,22.51751182,21.83992286,20.92741929,21.51741386,21.62570068,21.53264037,20.02636236,21.1087433,20.46123513,20.93081336,21.05480745,,,,,,
World,Electricity production from hydroelectric sources (% of total),18.0335491,17.65353188,17.20445626,16.79858095,16.30024343,16.09735326,15.59972704,15.88429951,15.88862363,15.86537344,15.39342302,15.72953097,16.06135826,15.87242134,15.69473178,16.05285684,16.13887328,16.23479101,15.88955384,,,,,,
,,,,,,,,,,,,,,,,,,,,,,,,,,
,,,,,,,,,,,,,,,,,,,,,,,,,,
,,,,,,,,,,,,,,,,,,,,,,,,,,
Data from database: World Development Indicators,,,,,,,,,,,,,,,,,,,,,,,,,,
Last Updated: 03/30/2023,,,,,,,,,,,,,,,,,,,,,,,,,,
